H,5/29/2019,5/29/2019,5/30/2019,10:32:50 EDT,10006911,CHITHRAN,,,,,,,,,,,,,,,,,,,,
D,10006911,5/29/2019,UT TREASURY CENTER INC,1431000015,PRATT AND WHITNEY CANADA INC,"19,474,035.00",CAD,Commercial,Confirmed,2019-05-29 07:34:36 EDT,OUR - Additional routing charges will be paid by the ordering customer,1.90529E+14,FXPS00- POST SELL CURRENCY 00000200 54699 ORIG AMT CAD 19474035.00 ,,,TI190529S8359700, ,/INS/CITIGB2LXXX    ,"ONE FINANCIAL PLAZA, 22ND FLOOR HARTFORD CT 06101 USA",CITIGB2LXXX,SWIFT,, ,,,
D,10006911,5/29/2019,AEROSERVICIOS DINAMICOS SA,1434600007, PRATT AND WHITNEY CANDA CORP,487.36,USD,Commercial,Confirmed,2019-05-29 12:36:45 EDT,SHA - Additional routing charges will be paid by the beneficiary and/or ordering customer,1.90529E+14,/RFB/PAG FACT ESP2258010419 SEG MOT ORES XA UNU  ,,,F60529294197000, ,    ,MELCHOR OCAMPO NO 193 PISO 7 C OL V MIGUEL HIDALGO MX ,BNMXMXMMXXX,SWIFT,, ,,,
D,10006911,5/29/2019,OROS AEROSPACE LTD,1434600007,PRATT WHITNEY CANADA CORP,"1,005.00",USD,Commercial,Confirmed,2019-05-29 09:39:06 EDT,BEN - Additional routing charges will be paid by the beneficiary,1.90529E+14,93104813,,,149522030, ,/INS/SHBUKGB4BXXX    ,HOLMES MILL OFFICE 4 GREENACRE STRE ET CLITHEROE LANCASHIRE BB7 1EB GB ,HBUKGB4BXXX,SWIFT,, ,,,
D,10006911,5/29/2019,INDUSTRIA DE TURBO PROPULSORES S A,1434600007,PRATT WHITNEY CANADA,"1,142.38",USD,Commercial,Confirmed,2019-05-29 06:32:31 EDT,SHA - Additional routing charges will be paid by the beneficiary and/or ordering customer,1.90528E+14,AVISO DEL 05/27/19 PARA DOCUMENTO P AGO 2400004762  ,,,C183178BBK052919, ,/INS/BBVAESMMXXX    ,PARQUE TECNOLOGICO EDIF 300 ZAMUDIO BBVAID: A48179196,BBVAESMMXXX,SWIFT,, ,,,
D,10006911,5/29/2019,1MONACAIR MAINTENANCE CENTER,1434600007,PRATT   WHITNEY CANADA,"1,251.34",USD,Commercial,Confirmed,2019-05-29 06:30:23 EDT,OUR - Additional routing charges will be paid by the ordering customer,1.90527E+14,ESP381 0010419 CUSTOMER 000040021963  ,,,TRSF831147002000, ,    ,23100 ROUTE DES HAUTS DU CAMP 3FR/83330 LE CASTELLET ,CEPAFRPP831,SWIFT,Caisse d Epargne de Cote d Azur,"455, Promenade des Anglais NICE",,, 
D,10006911,5/29/2019,HANWHA AEROSPACE CO LTD,1434600007,PRATT AND WHITNEY CANADA CORP,"1,337.20",USD,Commercial,Confirmed,2019-05-29 09:23:07 EDT,BEN - Additional routing charges will be paid by the beneficiary,1.90529E+14,   ,,,0515148149FS, ,"/ACC/BANK OF MONTREAL/BOFMCAM2 279 //ST-CHARLES LONGUEIL, QUEBEC CAN A //DA ///BOOK/0515148149FS ",1024 CHANGWON-DAERO SEONGSAN-GU CHANG CHANGWON-SI GYEONGSANGNAM-DO KOREA,HVBKKRSE,SWIFT,Woori Bank,203 Hoehyondong 1-ga SEOUL,,,
D,10006911,5/29/2019,PT AMA,1434600007,PRATT  WHITNEY CANADA CORP,"1,367.02",USD,Commercial,Confirmed,2019-05-29 06:33:45 EDT,OUR - Additional routing charges will be paid by the ordering customer,1.90529E+14,   ,,,F60529120501000, ,    ,KOMPLEK AIRPORT SENTANI JAYAPURA PAPUA INDONESIA,BRINIDJAXXX,SWIFT,, ,,,
D,10006911,5/29/2019,ZHEJIANG SINUS IRIDUM GENERAL AVIAT,1434600007,PRATT AND WHITNEY CANADA CORP. ADD.,"1,378.06",USD,Commercial,Confirmed,2019-05-29 09:17:29 EDT,SHA - Additional routing charges will be paid by the beneficiary and/or ordering customer,1.90529E+14,   ,,,F60529149517000, ,    ,"ION ENGINEERING TECHNOLOGY CO.,LTD AIRPORT ROAD NO.168 JIANDE HANGZHOU CITY ZHEJIANG PRC",PCBCCNBJZJX,SWIFT,China Construction Bank Corporation,288 Tiyuchang Road HANGZHOU,,,
D,10006911,5/29/2019,AEROSERVICIOS DINAMICOS SA,1434600007, PRATT AND WHITNEY CANDA CORP,"1,472.44",USD,Commercial,Confirmed,2019-05-29 12:45:06 EDT,SHA - Additional routing charges will be paid by the beneficiary and/or ordering customer,1.90529E+14,/RFB/PAG FACT ESP2649010419 PAG SEG MOTORES XA DIN ABRIL 19  ,,,F60529296299000, ,    ,MELCHOR OCAMPO NO 193 PISO 7 C OL V MIGUEL HIDALGO MX ,BNMXMXMMXXX,SWIFT,, ,,,
D,10006911,5/29/2019,PINNACLE AIR PVT LTD,1434600007,PRATT AND WHITNEY CANADA CORP,"1,852.64",USD,Commercial,Confirmed,2019-05-29 12:56:54 EDT,SHA - Additional routing charges will be paid by the beneficiary and/or ordering customer,1.90529E+14,PAYMENT TOWARDS SUBSCRIPTION FEES   ,,,6487145149FS, ,/INS/ICICHKHHCLR ///BOOK/6487145149FS   ,T-15 2ND FLOOR T-15 2ND FLOOR NEW DELHI INDIA,ICICINBBCTS,SWIFT,ICICI Bank Ltd,"Navsari Building, 240, D.N. Road, F MUMBAI",,,
D,10006911,5/29/2019,NEW ZEALAND HELICOPTER SERVICE,1434600007,PANDWC TURBO ENGINES CORP.,"2,200.00",USD,Commercial,Confirmed,2019-05-29 06:31:40 EDT,SHA - Additional routing charges will be paid by the beneficiary and/or ordering customer,1.90528E+14,ADVANCED FLIGHT ENG   ,,,2.01905E+15, ,    ,59 MIAMI PARADE ONEHUNGA AUCKLAND 1061 1061,ASBBNZ2A,SWIFT,ASB Bank Ltd,Corner Albert and Wellesley Streets AUCKLAND,,,
D,10006911,5/29/2019,NEW ZEALAND HELICOPTER SERVICE,1434600007,PANDWC TURBO ENGINES CORP.,"2,200.00",USD,Commercial,Confirmed,2019-05-29 06:31:41 EDT,SHA - Additional routing charges will be paid by the beneficiary and/or ordering customer,1.90528E+14,ADVANCED FLIGHT ENG   ,,,2.01905E+15, ,    ,59 MIAMI PARADE ONEHUNGA AUCKLAND 1061 1061,ASBBNZ2A,SWIFT,ASB Bank Ltd,Corner Albert and Wellesley Streets AUCKLAND,,,
D,10006911,5/29/2019,VALTIOKONTTORI,1434600007,PRATT WHITNEY CANADA CORP.,"3,485.07",USD,Commercial,Confirmed,2019-05-29 06:31:11 EDT,SHA - Additional routing charges will be paid by the beneficiary and/or ordering customer,1.90528E+14,"/ROC/2300014658 B/ORAJAVARTIOLAITOS /INV/20319135/PART NUMBER 3136172, 6 TO 10 LICENSES, 1 YEAR BNY CUST RRN - F3S1905270553100",,,F3S1905270553100, ,    ,SORNAISTEN RANTATIE 13 B 00530 HELSINKI ,OKOYFIHH,SWIFT,OP Corporate Bank plc,Gebhardinaukio 1 HELSINKI,,,
D,10006911,5/29/2019,SEBAKIS INTI LESTARI,1434600007,PRATT AND WHITNEY CANADA CORP,"3,812.72",USD,Commercial,Confirmed,2019-05-29 06:30:43 EDT,OUR - Additional routing charges will be paid by the ordering customer,1.90528E+14,/INV/INV 076/FIN/IV/2019 /INV/103 /FIN/V/2019  ,,,8739734148FS, ,/BOOK/8739734148FS    ,JL CIKINI RAYA NO 78 CCM BUILDING GROUND FLOOR MENTENG JAKARTA INDONESI INDONESIA,BMRIIDJA,SWIFT,PT Bank Mandiri,Jl Jenderal Gatot Subroto Kav. 36-3 JAKARTA,,,
D,10006911,5/29/2019,ATLANTICA EXPORTACAO E IMPORTACAO,1434600007,PRATT   WHITNEY CANADA CORP.,"4,471.20",USD,Commercial,Confirmed,2019-05-29 16:39:23 EDT,SHA - Additional routing charges will be paid by the beneficiary and/or ordering customer,1.90529E+14,/RFB/4453 01 290519 ATLANTICA PARTI CIPACOES INV EPP4453 290519  ,,,F60529303793000, ,    ,ATLANTICA EXPORTACAO E IMPORTACAO AV BARAO HOMEM DE MELO 4500 SALA 1216 BELO HORIZONTE MG BRAZIL,CITIUS33XXX,SWIFT,, ,,,
D,10006911,5/29/2019,OLYMPIC AIR,1434600007,PRATT . WHITNEY CANADA CORP.,"4,500.00",USD,Commercial,Confirmed,2019-05-29 06:34:22 EDT,OUR - Additional routing charges will be paid by the ordering customer,1.90529E+14,OLYMPIC AIR PAYMENT PROFORMA 307342 RFB L083514982731001  ,,,F60529150567000, ,    ,AIRPORT 19004 SPATA ARTEMIDA ATTICA ,CRESCHZHXXX,SWIFT,, ,,,
D,10006911,5/29/2019,VALTIOKONTTORI,1434600007,PRATT WHITNEY CANADA CORP.,"4,574.34",USD,Commercial,Confirmed,2019-05-29 06:31:10 EDT,SHA - Additional routing charges will be paid by the beneficiary and/or ordering customer,1.90528E+14,/ROC/2300014659 B/ORAJAVARTIOLAITOS /INV/ESP2494010419 BNY CUST RRN - F3S1905270553200 ,,,F3S1905270553200, ,    ,SORNAISTEN RANTATIE 13 B 00530 HELSINKI ,OKOYFIHH,SWIFT,OP Corporate Bank plc,Gebhardinaukio 1 HELSINKI,,,
D,10006911,5/29/2019,AIRES DE PAVAS S A,1434600007,PRATT  WHITNEY CANADA CORP,"4,596.16",USD,Commercial,Confirmed,2019-05-29 16:52:22 EDT,SHA - Additional routing charges will be paid by the beneficiary and/or ordering customer,1.90529E+14,INVOICE ESP1905010219 BNY CUST RRN - F3S1905293499900  ,,,2964249, ,    ,PAVAS SAN JOSE COSTA RICA ID 3101046846 DOB 19810202 CR ,BCRICRSJ,SWIFT,Banco de Costa Rica,Avdas 0-2 Calles 4-6 SAN JOSE,,,800 de la Gauchetiere O MONTREAL
D,10006911,5/29/2019,1ZORLU AIR HAVACILIK A.S.,1434600007,PRATT AND WHITNEY CANADA,"6,185.20",USD,Commercial,Confirmed,2019-05-29 09:42:52 EDT,SHA - Additional routing charges will be paid by the beneficiary and/or ordering customer,1.90529E+14,BANK OD 0001 BANK TRANSIT 01431  ,,,F60529159952000, ,    ,2SISLI ESENTEPE MAH BUYUKDERE CADD 2ESI NO 199 LEVENT 199 3TR/ISTANBUL 34394,DENITRISXXX,SWIFT,, ,,,
D,10006911,5/29/2019,SUNSET VACATIONS CORP,1434600007,PRATT AND WHITNEY CANADA CORP,"6,295.18",USD,Commercial,Confirmed,2019-05-29 12:41:24 EDT,SHA - Additional routing charges will be paid by the beneficiary and/or ordering customer,1.90529E+14,PARTS TO REPAIR THE AIRCRAFT RFB 28 19090  ,,,F60529295907000, ,    ,444 BRICKELL AVE PMP 314 SUITE 51 MIAMI FL 33131,UPNBUS44XXX,SWIFT,, ,,,
D,10006911,5/29/2019,PELITA AIR SERVICE,1434600007,PRATT AND WHITNEY CANADA CORP,"6,389.46",USD,Commercial,Confirmed,2019-05-29 10:55:27 EDT,SHA - Additional routing charges will be paid by the beneficiary and/or ordering customer,1.90529E+14,/INV/PAYMENT FOR INVOICE /INV /ESP3 050010319 (ENGINE PO 39004 .INV/577 01) ,,,F60529260765000, ,/REC/279 ST CHARLES LONGUEUIL QUEBE //C CANADA J4H 1E4 ORG TREF 2019052 //800233910  ,JL. ABDUL MUIS NO.52 56A GAMBIR TANAH ABANG INDONESIA,,OTHER,"BMRIIDJA BANK MANDIRI (PERSERO), PT", ,,,
D,10006911,5/29/2019,1EUROAVIA S.R.L.,1434600007,PRATT AND WHITNEY CANADA CORP.,"6,776.44",USD,Commercial,Confirmed,2019-05-29 09:04:40 EDT,SHA - Additional routing charges will be paid by the beneficiary and/or ordering customer,1.90529E+14,INVOICE N. 93118011 AND 93120601   ,,,F60529226784000, ,/REC/ORG TREF 2019052400118323    ,2LARGO S. AGOSTINO 325 3IT/MODENA 41121 MO ,,OTHER,CCRTIT2TBCE-BANCA CENTRO EMILIA CRE, ,,,
D,10006911,5/29/2019,SUBIC AIR  INC,1434600007,PRATT AND WHITNEY CANADA CORP,"8,369.66",USD,Commercial,Confirmed,2019-05-29 07:53:06 EDT,SHA - Additional routing charges will be paid by the beneficiary and/or ordering customer,1.90529E+14,/RFB/SUPPLIERS PAYMENT PAYMENT FOR ESP3653010319 ESP3653010419 RFB 891 9052902064564 ,,,F60529217493000, ,/ACC/279 ST CHARLES LONGUEUIL QUEBE //C CANADA J4H 1E4 BANK ID 0001 BAN //K TRANSIT 01431  ,CIFNO 379962 9TH FLOOR PACIFIC STAR BLDG MAKATI AVE COR GIL PUYAT AVE PHILIPPINES,AUBKPHMMXXX,SWIFT,, ,,,
D,10006911,5/29/2019,VALTIOKONTTORI,1434600007,PRATT WHITNEY CANADA CORP.,"9,246.00",USD,Commercial,Confirmed,2019-05-29 06:31:13 EDT,SHA - Additional routing charges will be paid by the beneficiary and/or ordering customer,1.90528E+14,/ROC/2300014660 B/ORAJAVARTIOLAITOS /INV/E5P2266010419 BNY CUST RRN - F5S1905273656600 ,,,F5S1905273656600, ,    ,SORNAISTEN RANTATIE 13 B 00530 HELSINKI ,OKOYFIHH,SWIFT,OP Corporate Bank plc,Gebhardinaukio 1 HELSINKI,,,
D,10006911,5/29/2019,AEROSERVICIOS DINAMICOS SA,1434600007, PRATT AND WHITNEY CANDA CORP,"10,782.84",USD,Commercial,Confirmed,2019-05-29 12:48:40 EDT,SHA - Additional routing charges will be paid by the beneficiary and/or ordering customer,1.90529E+14,/RFB/PAG FACT ESP3647020419 SEG MOT ORES XA RYO ABRIL 19  ,,,F60529296992000, ,    ,MELCHOR OCAMPO NO 193 PISO 7 C OL V MIGUEL HIDALGO MX ,BNMXMXMMXXX,SWIFT,, ,,,
D,10006911,5/29/2019,1JETLEASE,1434600007,PRATT WHITNEY CANADA CORP,"12,399.54",USD,Commercial,Confirmed,2019-05-29 06:30:16 EDT,SHA - Additional routing charges will be paid by the beneficiary and/or ordering customer,1.90527E+14,PRATT 04/2019 FHLRZ   ,,,I12D19147L00025, ,    ,2LES AJONCS 2AERODROME RENE COUZINET 3FR/85000 LA ROCHE SUR YON,CMCIFR2AXXX,SWIFT,, ,,, 
D,10006911,5/29/2019,EPROC INC,1434600007,PRATT AND WHITNEY CANADA,"15,226.62",USD,Commercial,Confirmed,2019-05-29 12:37:15 EDT,SHA - Additional routing charges will be paid by the beneficiary and/or ordering customer,1.90529E+14,   ,,,CA190529348727, ,    ,590 RUE SICARD MONTREAL QCH1V2X2 ,ROYCCAT2,SWIFT,Royal Bank of Canada,180 Wellington St W - 8th Floor TORONTO,,,279 ST-CHARLES LONGUEUIL QC CA 
D,10006911,5/29/2019,PRIESTER AVIATION LLC,1434600007,PRATT AND WHITNEY CANADA CORP,"16,734.40",USD,Commercial,Confirmed,2019-05-29 13:44:58 EDT,SHA - Additional routing charges will be paid by the beneficiary and/or ordering customer,1.90529E+14,ESP1607040319 BNY CUST RRN - O/B FIRST MIDWES BNY CUST RRN - F7S1905297891600 ,,,F7S1905297891600, ,    ,"1061 S WOLF RD WHEELING, IL 60090- ",IRVTUS3NPFT,SWIFT,, ,,,
D,10006911,5/29/2019,1SUPER AIR HAVA TASIMACILIGI A S,1434600007,PRATT AND WHITNEY CANADA CORP,"17,786.24",USD,Commercial,Confirmed,2019-05-29 09:40:25 EDT,SHA - Additional routing charges will be paid by the beneficiary and/or ordering customer,1.90529E+14,   ,,,S069149260DE01, ,    ,2SUPER AIR BURAK MH. SANAYI 2KONUKOGLU BULVARI NO:223 3TR/TURKEY,YAPITRISXXX,SWIFT,, ,,,
D,10006911,5/29/2019,SECRETARIA DE MARINA,1434600007,PRATT   WHITNEY CANADA CORP.,"20,780.83",USD,Commercial,Confirmed,2019-05-29 17:01:22 EDT,SHA - Additional routing charges will be paid by the beneficiary and/or ordering customer,1.90529E+14,AUTORIZACION DE PAGO 189/2019   ,,,F60529359675000, ,    ,"HEROICA ESCUELA NAVAL MILITAR 861 COYOACAN, CIUDAD DE MEXICO MEXICO",CITIUS33XXX,SWIFT,, ,,,
D,10006911,5/29/2019,FREEDOM JETS LLC,1434600007,PRATT   WHITNEY CANADA CORP,"22,115.76",USD,Commercial,Confirmed,2019-05-29 15:58:13 EDT,SHA - Additional routing charges will be paid by the beneficiary and/or ordering customer,1.90529E+14,INVOICE  ESP1366050419 JET BLACK AV IATION GROUP LLC PRATT   WHITNEY RF B /REC/PRATT   WHI ,,,F60529338130000, ,    ,2475 RUDELOFF RD SEGUIN TX 78155-0279 ,,OTHER,JEFFERSON BANK,SAN ANTONIO TX USA ,,,
D,10006911,5/29/2019,EXECUJET (UK) LIMITED,1434600007,PRATT . WHITNEY CANADA,"23,329.88",USD,Commercial,Confirmed,2019-05-29 06:34:15 EDT,SHA - Additional routing charges will be paid by the beneficiary and/or ordering customer,1.90529E+14,PAYMENT TO VENDOR 10293 RFB F3VP072 5059D0001  ,,,F60529143797000, ,    ,NEWMARKET ROAD CB5 8RX CAMBRIDGE ,CRESCHZZ80A,SWIFT,Credit Suisse AG, Zurich,,,
D,10006911,5/29/2019,SERVICE OF QLD,1434600007,PRATT AND WHITNEY CANADA CORP,"24,372.41",USD,Commercial,Confirmed,2019-05-29 06:33:53 EDT,SHA - Additional routing charges will be paid by the beneficiary and/or ordering customer,1.90529E+14,/RFB/BEING PAYMENT OF ACCOUNT FOR RFDS (QLD) INVOICE 93093714 1800824968 92855140 92844153 BNY CUST RRN - F7S1905297294200,,,F7S1905297294200, ,    ,12 CASUARINA STREET BRISBANE AIRPORT QLD 4007 AUSTRALIA ,METWAU4B,SWIFT,Suncorp-Metway Limited,Level 18 Suncorp Centre BRISBANE,,,
D,10006911,5/29/2019,DIREC DE LOGISTICA DE CARABINEROS,1434600007,PRATT AND WHITNEY CANADA CORP.,"24,727.16",USD,Commercial,Confirmed,2019-05-29 16:50:22 EDT,SHA - Additional routing charges will be paid by the beneficiary and/or ordering customer,1.90529E+14,BANK 0001 TRANSIT 01431 INV. AMM-2019/AMMDAAC-03-2019  ,,,1374156149FS, ,/BOOK/1374156149FS    ,AV LIBERTADOR BERNARDO OHIGGINS NO 1196 SANTIAGO CHILE RUT. 061938500-4,BECHCLRM,SWIFT,Banco del Estado de Chile,Av Libertador Bernardo O Higgins 11 SANTIAGO,,,
D,10006911,5/29/2019,THE BERKELEY GROUP LLC,1434600007,PRATT AND WHITNEY,"25,000.00",USD,Commercial,Confirmed,2019-05-29 10:34:02 EDT,SHA - Additional routing charges will be paid by the beneficiary and/or ordering customer,1.90529E+14,0909-03 TRANSIT 001431 RFB 49140700   ,,,F60529249026000, ,    ,DBA NVJETS 177 E RENO AVE STE G4 LAS VEGAS NV 89119-1162 89119,,OTHER,"ZB, NA DBA NEVADA STATE BANK",LAS VEGAS NV USA ,,,
D,10006911,5/29/2019,FJR PRIVATE FLIGHT LLC,1434600007,PRATT AND WHITNEY CANADA CROP,"26,923.95",USD,Commercial,Confirmed,2019-05-29 08:59:23 EDT,SHA - Additional routing charges will be paid by the beneficiary and/or ordering customer,1.90529E+14,INVOICE NO ESP3901010419   ,,,0921196149FS, ,/INS/NBFUAEAFFUJ/INS/NBFUAEAF ///BOOK/0921196149FS   ,P O BOX 3055 FUJAIRAH UNITED ARAB EMIRATES ,NBFUAEAFFUJ,SWIFT,National Bank of Fujairah,Sheikh Hamad Bin Abdullah Street FUJAIRAH,,,
D,10006911,5/29/2019,1VALLELLANO SA,1434600007,PRATT  WHITNEY,"34,451.26",USD,Commercial,Confirmed,2019-05-29 11:20:12 EDT,SHA - Additional routing charges will be paid by the beneficiary and/or ordering customer,1.90529E+14,/RFB/REPORTE HORAS VUELO VALLEL LAN O ABRIL RFB TRE06220386923  ,,,F60529272999000, ,    ,2BELLA VISTA CRA 9 NO7408 OFICINA 3PA/PANAMA ,BAGEPAPAXXX,SWIFT,, ,,,
D,10006911,5/29/2019,1ARCUS-AIR GMBH + CO. KG,1434600007,PRATT U WHITNEY CANADA,"62,532.62",USD,Commercial,Confirmed,2019-05-29 06:36:52 EDT,SHA - Additional routing charges will be paid by the beneficiary and/or ordering customer,1.90524E+14,"ALL ESP 2296010419,2434010419,24770 30419,3042020419,3120020419, 396900 419 AND 4603010419 ",,,AZNA914402544300, ,    ,2BERLINER ALLEE 31 3DE/66482 ZWEIBRUECKEN ,COBADEHH,SWIFT,Commerzbank Aktiengesellschaft,Ness 7-9 HAMBURG,,,
D,10006911,5/29/2019,AIRBUS HELICOPTERS DEUTSCHLAND GmbH,1434600007,PRATT WHITNEY CANADA TURBO ENGINE,"81,502.00",USD,Commercial,Confirmed,2019-05-29 06:29:43 EDT,SHA - Additional routing charges will be paid by the beneficiary and/or ordering customer,1.90528E+14,005500351296832019 1800833354  ,,,AZMAT27051991352, ,    ,Industriestr. 4 DE 86609 Donauwoerth ,,,,,,,
D,10006911,5/29/2019,FLIGHT SAFETY INTERNATIONAL INC,1434600007,PRATT   WHITNEY,"100,000.00",USD,Commercial,Confirmed,2019-05-29 13:03:08 EDT,SHA - Additional routing charges will be paid by the beneficiary and/or ordering customer,1.90529E+14,INVOICE 1800839357 ANY PROBLEM WITH TRANSFER CALL JIM GRACE AT 718-565 4156 ,,,F60529301022000, ,    ,MARINE AIR TERMINAL LAGUARDIA AIRPORT FLUSHING NY 11371 US,CHASUS33XXX,SWIFT,, ,,,
D,10006911,5/29/2019,JET AVIATION AG,1434600007,PRATT  WHITNEY CANADA CORP.,"110,547.42",USD,Commercial,Confirmed,2019-05-29 06:33:57 EDT,SHA - Additional routing charges will be paid by the beneficiary and/or ordering customer,1.90529E+14,/INV/ESP1910010419 13.5.2019/INV/ES P2145010419 13.5.2019/INV/ESP257501 0419 13.5.2019/INV/ESP2774010419 13 .5.2019 RFB F3VP072504NP0001,,,F60529120955000, ,    ,AESCHENGRABEN 6 4051 BASEL ,CRESCHZZ80A,SWIFT,Credit Suisse AG, Zurich,,,
D,10006911,5/29/2019,RUAG SCHWEIZ AG                   R,1434600007,PRATT  WHITNEY CANADA INC.,"156,724.25",USD,Commercial,Confirmed,2019-05-29 06:32:58 EDT,OUR - Additional routing charges will be paid by the ordering customer,1.90529E+14,/ADV/0032014370 29.5.2019 RFB F3VP0 725043H0001  ,,,F60529109146000, ,    ,UAG AVIATION SEETALSTRASSE 175 6032 EMMEN,CRESCHZZ80A,SWIFT,Credit Suisse AG, Zurich,,,
D,10006911,5/29/2019,AIR CALEDONIE S.A.,1434600007,"PRATT   WHITNEY CANADA CORP  1000 MARIE VICTORIN LONGUEUIL,","175,536.50",USD,Commercial,Confirmed,2019-05-29 06:32:14 EDT,OUR - Additional routing charges will be paid by the ordering customer,1.90528E+14,SEA/FMP/007   ,,0.0093205,2.01905E+15, ,/INS/DO NOT CONVERT    ,6 RUE EDOUARD UNGER VALLEE DU TIR 98800 NOUMEA,CEPANCNM,SWIFT,Banque de Nouvelle-Caledonie,10 avenue General Foch NOUMEA,,,
D,10006911,5/29/2019,FLYNAS COMPANY ( OWNED BY ONE PERSO,1434600007,PRATT + WHITNEY CANADA CORP,"222,071.98",USD,Commercial,Confirmed,2019-05-29 11:02:43 EDT,BEN - Additional routing charges will be paid by the beneficiary,1.90529E+14,7405109190204097 BRT 7405109 ,,,149503514, ,    ,N CLOSED JOINT STOCK ): P.O.BOX:305 18 RIAYDH : 11361 KINGDOM OF SAUDI ARABIA/SA,SABBSARIXXX,SWIFT,, ,,,
D,10006911,5/29/2019,1OMNI TAXI AEREO S/A,1434600007,PRATT E WHITNEY CANADA,"287,837.56",USD,Commercial,Confirmed,2019-05-29 16:54:07 EDT,SHA - Additional routing charges will be paid by the beneficiary and/or ordering customer,1.90529E+14,   ,,,F60529358670000, ,    ,2AV AYRTON SENNA 254 3BR/RIO DE JANEIRO ,BSCHBRSPSPO,SWIFT,Banco Santander (Brasil) S.A.,"Rua Amador Bueno, 474 SAO PAULO",,,
D,10006911,5/29/2019,HANWHA AEROSPACE CO LTD,1434600007,PRATT AND WHITNEY CANADA CORP,"299,980.00",USD,Commercial,Confirmed,2019-05-29 09:31:30 EDT,SHA - Additional routing charges will be paid by the beneficiary and/or ordering customer,1.90529E+14,   ,,,149449589, ,    ,"1024, CHANGWON-DAERO, SEONGSAN-GU, CHANG CHANGWON-SI, GYEONGSANGNAM-DO ,KOREA",HVBKKRSEXXX,SWIFT,, ,,,
D,10006911,5/29/2019,AUSTRIAN AIRLINES AG,1434600007,PRATT   WHITNEY CANADA,"306,210.00",USD,Commercial,Confirmed,2019-05-29 06:33:25 EDT,SHA - Additional routing charges will be paid by the beneficiary and/or ordering customer,1.90529E+14,NO.93096436/15.4.2019   ,,,F60529116815000, ,    ,AUSTRIAN AIRLINE ATT CLAIRE KATINAS 1640 HEMPSTEAD TURNPIKE EAST MEADOW NY 11554 0000,CITIUS33XXX,SWIFT,, ,,,
D,10006911,5/29/2019,"BLACKHAWK MODIFICATIONS, INC.",1434600007,PRATT AND WHITNEY CANADA,"310,000.00",USD,Commercial,Confirmed,2019-05-29 15:36:54 EDT,SHA - Additional routing charges will be paid by the beneficiary and/or ordering customer,1.90529E+14,"CORE ENGINE PAYMENTPZ0347, PZ0348 R FB NONE  ",,,F60529334850001, ,    ,"7601 KARL MAY DR ... WACO, TX 76708-5570",,OTHER,COMPASS BANK,"HOUSTON BRANCH HOUSTON, TEXAS US ",,,
D,10006911,5/29/2019,PREFERRED IMPROVEMENTS LLC,1434600007,PRATT   WHITNEY -  CANADA CORP,"439,705.00",USD,Commercial,Confirmed,2019-05-29 14:28:02 EDT,SHA - Additional routing charges will be paid by the beneficiary and/or ordering customer,1.90529E+14,PF 96513374 SNVA0604 PRATT   WHITNE Y RFB /REC/PRATT   WHI  ,,,F60529320927000, ,    ,11234 HACKETT RD PO BOX 12 KIDRON OH 44636,,OTHER,FARMERS NATIONAL BANK,20 S. BROAD STREET CANFIELD OH 44406 ,,,
D,10006911,5/29/2019,BOMBARDIER INC BOMBARDIER AEROSPACE,1434600007,PRATT AND WHITNEY CANADA CORP,"554,672.58",USD,Commercial,Confirmed,2019-05-29 15:32:10 EDT,SHA - Additional routing charges will be paid by the beneficiary and/or ordering customer,1.90529E+14,/RFB/A0119056   ,,,2.01905E+15, ,    ,800 RENE LEVESQUE BLVD WEST MONTREAL H3B1Y8 CA QC,BOFAUS3N,SWIFT,"Bank of America, National Association",222 Broadway Ave NEW YORK CITY,,,
D,10006911,5/29/2019,PRATT   WHITNEY CANADA,1434600007,PRATT AND WHITNEY CANADA INC,"714,386.89",USD,Commercial,Confirmed,2019-05-29 13:50:14 EDT,SHA - Additional routing charges will be paid by the beneficiary and/or ordering customer,1.90529E+14,279 ST CHARLES W. LONGUEUIL QUEBEC TRANSIT 000101431  ,,,F60529311526000, ,    ,1000 MARIE-VICTORIAN LONGUEIL ON J4G1A-1 CA ,CHASUS33XXX,SWIFT,, ,,,
D,10006911,5/29/2019,PILATUS FLUGZEUGWERKE AG,1434600007,PRATT  WHITNEY CANADA CORP,"1,187,837.60",USD,Commercial,Confirmed,2019-05-29 06:27:28 EDT,SHA - Additional routing charges will be paid by the beneficiary and/or ordering customer,1.90528E+14,/ROC/0002713517 10757/INV/0093115676 8.5.2019/INV// 0093116941 9.5.2019/INV/0093116942/ 9.5.2019,,,ZD81149E48964910, ,    ,ENNETBUERGERSTRASSE 101 6370 STANS ,UBSWCHZH80A,SWIFT,UBS AG,Bahnhofstrasse 45 ZURICH,,,
D,10006911,5/29/2019,MAGELLAN AVIATION SERVICES LIMITED,1434600007,PRATT AND WHITNEY CANADA CORP.,"2,250,000.00",USD,Commercial,Confirmed,2019-05-29 11:01:41 EDT,SHA - Additional routing charges will be paid by the beneficiary and/or ordering customer,1.90529E+14,/RFB/20236296// INVOICE 93083184 MAGELLAN  ,,,1.9053E+11, ,    ,UNIT 10 11 DISTRIBUTION CTR SHANNON FREE ZONE CO CIRELAND IRELAND,,,,,,,MONTREAL CANADA 
D,10006911,5/29/2019,NETJETS AVIATION INC,1434600007,PRATT   WHITNEY CANADA CORP,"5,733,640.51",USD,Commercial,Confirmed,2019-05-29 16:02:13 EDT,OUR - Additional routing charges will be paid by the ordering customer,1.90529E+14,   ,,,2.01905E+15, ,    ,ATTN FINANCE 4111 BRIDGEWAY AVE COLUMBUS OH US 43219,,,,,,,
T,56,,,,,,,,,,,,,,,,,,,,,,,,,
